<?xml version="1.0" encoding="UTF-8"?>

<!DOCTYPE suite SYSTEM "http://testng.org/testng-1.0.dtd">
<suite name="ebayTest1">
  <test thread-count="5" name="signUp">
  		<parameter name="firstName" value="Neelaka"></parameter>
  		<parameter name="lastName" value="Rupun"></parameter>
  		<parameter name="eMail" value="rneelaka@gmail.com"></parameter>
  		<parameter name="password" value="apple123"></parameter>
  		<classes>
  			<class name="ebayTest1.NewTest"></class>
  		</classes>
  		
  
  
  </test> <!-- Test -->
</suite> <!-- Suite -->
<!-- AS2015533 -->
<!-- A.D.N Neelaka -->